web-scraper-order;web-scraper-start-url;link;link-href;judul;isi
1652838836-15;https://www.idntimes.com/tag/kasus-pelecehan-seksual?q=kasus%20pelecehan%20seksual;9 Fakta Kasus Pelecehan Seksual Artis Jepang Kiko Mizuhara;https://www.idntimes.com/hype/entertainment/ratna-nana-1/kasus-pelecehan-seksual-artis-jepang-kiko-mizuhara-c1c2;9 Fakta Kasus Pelecehan Seksual Artis Jepang Kiko Mizuhara;"Kasus pelecehan seksual seakan tak ada habisnya terjadi pada perempuan, entah itu dari orang biasa maupun dari kalangan selebriti. Terbaru ada artis Jepang Kiko Mizuhara yang tak kuasa menahan perasaannya saat mengungkapkan kejadian naas tersebut.Dialaminya hingga dua kali, Kiko Mizuhara membeberkannya melalui sebuah video live di instagramnya. Berikut sederet faktanya!
	
  Learn moreBlue Billywig Video Player
1. Kasus pelecehan seksual yang dialami Kiko Mizuhara terjadi saat dirinya menjadi model iklan sebuah produk ternama   
               
                
            
            Kiko Mizuhara (instagram.com/i_am_kiko) 2. Dalam sebuah sesi pemotretan, Kiko diminta untuk tampil telanjang dihadapan 20 orang petinggi brand ternama tersebutKiko Mizuhara (instagram.com/i_am_kiko) 3. Sempat menolak, Kiko diberi alasan bahwa eksekutif yang datang harus melihat hasil fotonya apakah sudah memenuhi standarKiko Mizuhara (instagram.com/i_am_kiko) 
	

4. Alhasil, Kiko menyelesaikan pemotretan tersebut diluar kemauannya dan tak bisa menolak dengan dalih itulah resiko profesinya sebagai modelKiko Mizuhara (instagram.com/i_am_kiko) 5. Kedua, saat Kiko membintangi sebuah film berjudul Ride or Die arahan sutradara Sion Sono                              Lanjutkan membaca artikel di bawah                          Editor’s picks             9 Momen Puput Nastiti Devi, Rayakan Ultah ke-25 Bareng Ibu Mertua10 Momen Ridwan Kamil Grebek Andara, Pegawai Nagita Slavina HebohGo Public, 10 Potret Mesra Sisca Kohl dan Jess No Limit             Kiko Mizuhara (instagram.com/i_am_kiko)                                  Baca Juga: Alami Pesonanya, 10 Potret Kiko Mizuhara dengan Make Up Minimalis                           6. Film Ride or Die memang sajikan beberapa adegan intim, tetapi Kiko merasa hal tersebut diluar batas kewajaranKiko Mizuhara (instagram.com/i_am_kiko) 
	

7. Kiko menilai meskipun ada adegan intim, seharusnya pengambilan gambarnya tetap dibatasi dan sudah diatur oleh kru lapanganKiko Mizuhara (instagram.com/i_am_kiko) 8. Kiko juga bercerita tentang bagaimana cara film Amerika Serikat merekam adegan intim tanpa membuatnya menjadi suatu pelecehan seksualKiko Mizuhara (instagram.com/i_am_kiko) 9. Lebih lanjut lagi, Kiko menyayangkan tidak adanya koordinator keintiman saat merekam adegan intim agar pemain tetap terlindungiKiko Mizuhara (instagram.com/i_am_kiko) Kasus pelecehan seksual yang telah dialami Kiko Mizuhara bukanlah sesuatu yang benar dan pantas untuk ditindak secara tegas. Perempuan bukanlah suatu objek yang bisa dimanfaatkan sesukanya meskipun itu dengan dalih pekerjaan. Tetap maju dan terus semangat Kiko!                                 Baca Juga: 10 Tokoh Cewek Drama Korea Ini Berani Hadapi Pelaku Pelecehan Seksual                            

                          


                                                    
    
                    
            
    
            
            
            Verified Writer
        
        
        Indrawati R
    


    
        Thank you!
    


    IDN Times Community adalah media yang menyediakan platform untuk menulis.
    Semua karya tulis yang dibuat adalah sepenuhnya tanggung jawab dari penulis."
1652838815-14;https://www.idntimes.com/tag/kasus-pelecehan-seksual?q=kasus%20pelecehan%20seksual;Dosen Cabul FKIP Unsri Divonis 6 Tahun Penjara;https://sumsel.idntimes.com/news/sumsel/muhammad-rangga-erfizal/dosen-cabul-fkip-unsri-divonis-6-tahun-penjara;Dosen Cabul FKIP Unsri Divonis 6 Tahun Penjara;"Palembang, IDN Times - Ketua Majelis Hakim Pengadilan Negeri Palembang, Klas 1A Khusus Sumatra Selatan (Sumsel), Fatimah, menjatuhkan hukuman pidana enam tahun penjara terhadap dosen cabul dari Fakultas Keguruan dan Ilmu Pengetahuan Universitas Sriwijaya (FKIP Unsri) bernama Aditya Rol Azmi (34). Aditya divonis bersalah dan terbukti melakukan pencabulan terhadap anak didiknya saat bimbingan skripsi.""Terdakwa terbukti bersalah melakukan tindak pidana asusila sebagaimana diatur melanggar Pasal 294 ayat 2 ke-2 KUHP tentang perbuatan asusila,"" ungkap Fatimah dalam sidang, Kamis (14/4/2022).
	
  Learn moreBlue Billywig Video Player
1. Terdakwa sebagai tak mencontohkan tenaga pendidik yang baikDosen Fakultas Keguruan dan Ilmu Pendidikan (FKIP) Universitas Sriwijaya (Unsri) berinisial Adhitya Rol Asmi (34) sebagai tersangka perbuatan pencabulan. (IDN Times/Rangga Erfizal)Dalam sidang yang berlangsung virtual tersebut, Ketua Majelis Hakim menilai perbuatan Aditya menyalahi aturan Undang-Undang. Hakim sepakat dengan Jaksa Penuntut Umum (JPU) tentang hal yang memberatkan, yakni terdakwa sebagai tenaga pendidik yang harusnya menjadi contoh baik bagi anak didiknya.""Sementara pertimbangan yang meringankan terdakwa mengaku bersalah dan menyesali perbuatannya,"" jelas dia.                                 Baca Juga: Oknum Dosen Unsri Akui Meraba Tubuh dan Onani di Depan Mahasiswi                           2. Terdakwa diberi waktu sepekanIlustrasi pemerkosaan (IDN Times/Mardya Shakti) Atas putusan vonis tesebut, terdakwa Aditya diberikan waktu oleh Ketua Majelis Hakim untuk memikirkan vonis yang diberikan. Dirinya diberi waktu sepekan untuk mengambil tindakan hukum lanjutan.""Pikir-pikir dulu yang mulia,"" ungkap Aditya.                                 Baca Juga: Fakta Baru Pelecehan Seksual di Unsri; Korban Dilecehkan di Lab FKIP                           3. Kuasa hukum terdakwa kecewa putusan hakimKuasa hukum terlapor A dosen unsri terduga pelaku pelecehan (IDN Times/Rangga Erfizal)Kuasa hukum terdakwa, Darmawan, mengaku segera berkoordinasi dengan terdakwa Aditya Rol Azmi serta keluarga. Darmawan menilai, klienya harus mendapatkan hukuman lebih ringan karena menyesali perbuatannya dan jujur dalam persidangan.""Kami menilai klien kami telah berterus terang dan jujur di persidangan. Namun nyatanya itu tidak ada apresiasi dari Majelis Hakim untuk mengurangi pidana sebagaimana tuntutan JPU,"" tutup dia.                                 Baca Juga: Korban Pelecehan Oknum Dosen Unsri Menangis Saat Olah TKP"
1652838773-12;https://www.idntimes.com/tag/kasus-pelecehan-seksual?q=kasus%20pelecehan%20seksual;Dosen Cabul Unsri Dituntut 6 Tahun, Pengacara Malah Salahkan Korban;https://sumsel.idntimes.com/news/sumsel/muhammad-rangga-erfizal/dosen-cabul-unsri-dituntut-6-tahun-pengacara-malah-salahkan-korban;Dosen Cabul Unsri Dituntut 6 Tahun, Pengacara Malah Salahkan Korban;"Palembang, IDN Times - Jaksa Penuntut Umum (JPU) Kejaksaan Tinggi Sumatra Selatan menuntut Dosen cabul Fakultas Keguruan Ilmu Pengetahuan Universitas Sriwijaya (FKIP Unsri) enam tahun penjara. Terdakwa AR (34) dianggap JPU terbukti mencabuli mahasiswinya di laboratorium FKIP.JPU berkeyakinan terdakwa telah melanggar pasal 294 ayat 2 ke 2 KUHP tentang pencabulan, di mana mahasiswi bimbingannya dipaksa untuk melakukan oral seks.""Sidang pekan depan kami akan menyiapkan pledoi (nota pembelaan) apa saja untuk meringankan terdakwa,"" ungkap Darmawan Kuasa Hukum tersangka AR usai sidang yang berlangsung tertutup, Kamis (24/3/2022).
	
  Learn moreBlue Billywig Video Player
1. AR dianggap orang baik oleh rekannyaIlustrasi pencabulan.googleDarmawan menjelaskan, tuntutan untuk ke kliennya terlalu berat. AR diklaim merupakan orang yang baik, apalagi sejak awal ia tak pernah membantah perbuatannya. Dirinya mengakui telah mencabuli korban dan secara khusus telah meminta maaf.""Sahabat dan rekan terdakwa selaku dosen juga menilai selama ini terdakwa itu baik. Dia melakukan itu (asusila) karena khilaf,"" jelas dia.                                 Baca Juga: Oknum Dosen Unsri Akui Meraba Tubuh dan Onani di Depan Mahasiswi                           2. Kuasa hukum tersangka salahkan korban tak melawanIlustrasi pencabulan. (IDN Times/Sukma Shakti) Darmawan justru turut menyalahkan korban DR. Menurutnya, korban sudah dewasa berusia 22 tahun, dan sepatutnya bisa menolak saat dipaksa oleh terdakwa.""Beliau juga orang cerdas, dan yang membuat kami kecewa adalah korban sudah dewasa berusia 22 tahun. Artinya sudah cakap menghindar dan melawan saat itu,"" jelas dia.                                 Baca Juga: Mahasiswi Unsri yang Tak Ikut Yudisium Ternyata Disekap di Toilet                           3. Antara korban dan terdakwa dianggap khilafIlustrasi hukum (IDN Times/Arief Rahmat) Darmawan juga menyebut jika korban seharusnya melawan saat mendapat pelecehan seksual oleh terdakwa. Menurutnya, baik korban dan terdakwa sama-sama khilaf.""Korban dapat menghindar atau melawan saat kejadian. Tapi ini kan tidak, bahkan kejadian itu di hari Sabtu ketika kampus libur. Antara korban dengan klien kami tidak ada hubungan apa-apa, hanya sebatas dosen dan mahasiswi. Hanya saja saat itu khilaf,"" tutup dia.                                 Baca Juga: Sidang Kasus Pelecehan di Lab FKIP Unsri; Dosen A Akui Perbuatannya"
1652838905-18;https://www.idntimes.com/tag/kasus-pelecehan-seksual?q=kasus%20pelecehan%20seksual;Seorang Kakek Berusia 60 Tahun Cabuli Anak Tetangga di Bawah Umur;https://sumsel.idntimes.com/news/sumsel/yuliani-10/seorang-kakek-berusia-60-tahun-cabuli-anak-tetangga-di-bawah-umur;Seorang Kakek Berusia 60 Tahun Cabuli Anak Tetangga di Bawah Umur;"Musi Banyuasin, IDN Times - Seorang kakek bernama Agusnadi (60) warga Kecamatan Bayung Lencir, Kabupaten Musi Banyuasin (Muba), mencabuli anak di bawah umur. Tersangka mencabuli korban berinisial TR (5) saat main di rumahnya. Korban merupakan anak tetangganya sendiri.
	
  Learn moreBlue Billywig Video Player
1. Ibu korban curiga bercak darah di celana dalam anaknyaIlustrasi pencabulan. (IDN Times/Sukma Shakti) Peristiwa itu ketahuan saat korban buang air kecil dengan ibunya selepas main dari rumah tersangka, Jumat (29/4/2022) pukul 12.00 WIB. Ibu korban melihat celana dalam putrinya ada bercak darah seperti haid.Saat ditanya mengapa ada darah di celananya, korban hanya mengatakan tidak tahu dan menangis. Mengetahui ada yang tidak beres dengan putrinya, ibu korban lantas mengadu kepada Sang Bibi.""Langsung kami tanya anaknya, dia dari mana dan habis ketemu siapa. Lantas dia (korban) mengaku dari rumah Nek Kos (tersangka) dan bersama kakek (panggilan tersangka),"" ujar Susi saat dikonfirmasi, Kamis (12/5/2022).                                 Baca Juga: Pria Paruh Baya di Palembang Cabuli Anak Berkebutuhan                            2. Korban digendong pelaku dan diberi uangIlustrasi pencabulan.googleSusi dan ibu korban membujuk korban bercerita tentang kejadian yang dialaminya. Dengan polos, korban mengaku jika tersangka sudah menyentuh kemaluannya dan menggendong ke kamar.""Keponakan saya bilang kalau kemaluannya sudah disuntik menggunakan tangan oleh tersangka. Tersangka memberi uang Rp2.000 kepada korban agar tidak menangis,"" jelas Susi.Keluarga korban pun pergi ke rumah sakit terdekat untuk diperiksa, meski kemudian tidak ada dokter yang bisa melakukan visum.""Kami lantas ke Polsek Bayung Lencir untuk mengadukan hal tersebut. Pihak Polsek menyuruh agar membawa korban ke kantor dan langsung diperiksa oleh Polwan di sana,"" ungkapnya.                                 Baca Juga: Pelaku Pencabulan Anak Tiri di Palembang Iming-Imingi Kuota Internet                            3. Langsung visum ke RSUD SekayuIlustrasi/pexels.com/pixabayUsai diperiksa oleh Polwan tersebut, mereka menemukan kemaluan korban terdapat luka gores. Pihak Polres pun menyarankan keluarga membawa korban ke Sekayu untuk visum.""Malam itu juga korban bersama ayahnya ke RSUD Sekayu untuk visum. Selepas Magrib, mereka berangkat ke Sekayu dan saya tidak ikut. Sekitar pukul 23.00 WIB mereka tiba dan langsung ditangani visum oleh dua orang dokter,"" terangnya.
	

4. Dinas PPA Muba mendampingi korban dan keluarganya(Dinas PPA kabupaten Muba saat memberikan bantuan dan pendampingan terhadap korban pencabulan di Bayung Lencir) IDN Times/IstimewaKepala Dinas PPA Kabupaten Muba, Dewi mengatakan, pihaknya sudah melakukan pendampingan terhadap korban beserta keluarganya""Kita membiayai dan mengantar anak visum ke rumah sakit, serta memberi bantuan sembako, bantuan konseling anak untuk mengawal proses hukum bersama Polres,"" ujarnyaDPPA juga ikut berangkat bersama Polres Muba untuk menangkap pelaku sekaligus mendampingi ke rumah korban.""Bagi predator anak tidak akan kami biarkan lepas, akan mendapat hukuman yang setimpal karena telah merusak anak genersi emas yang akan datang. Maka itu kami akan terus mengawal kasus ini,"" tutupnya.Kapolsek Bayung Lencir, Iptu Deby Apriyanto ketika dikonfirmasi melalui pesan singkat WhatsApp belum memberikan jawaban tekait penangkapan tersangka. Namun dari beberapa video berudari 35 detik yang beredar, tampak anggota Polsek Bayung Lencir menangkap tersangka di kediamannya pada Rabu (11/5/2022) sekitar pukul 18.00 WIB.5. Laporkan jika kamu mengetahui ada tindak kekerasan terhadap anakIlustrasi pencabulan. (IDN Times/Sukma Shakti) Jika kamu melihat atau mengetahui ada indikasi kekerasan dan eksploitasi yang dialami anak-anak, jangan diam dan laporkan! Berikut salah satu lembaga yang bisa kamu hubungi:1. Komisi Perlindungan Anak Indonesia (KPAI)
Alamat: Jl. Teuku Umar No. 10 Gondangdia Menteng Jakarta Pusat DKI Jakarta, Indonesia
Telepon: (+62) 021-319 015 56
Whatsapp: 0821-3677-2273
Fax: (+62) 021-390 0833
Email: pengaduan@kpai.go.id2. Komnas Perempuan
Email: petugaspengaduan@komnasperempuan.go.id
Facebook: www.facebook.com/stopktpsekarang/
Twitter: @komnasperempuan3. LBH APIK
Whatsapp: 0813-8882-2669 (WA only) mulai pukul 09.00-21.00 WIB
Email: PengaduanLBHAPIK@gmail.com4. Komisi Perlindungan Anak Daerah (KPAD) Sumsel
Alamat: Kantor Dinas Pemberdayaan Perempuan dan Anak Sumsel. Jalan Ade Irma Nasution No.1254, Sungai Pangeran, Kec. Ilir Tim. I, Kota Palembang, Sumatera Selatan 30121
Telpon: 0711-314004
Handphone: +62 812-7831-593                                 Baca Juga: Pelatih Futsal di Palembang Mencabuli 2 Murid Belasan Tahun di Kuburan"
1652838793-13;https://www.idntimes.com/tag/kasus-pelecehan-seksual?q=kasus%20pelecehan%20seksual;Dituntut 6 Tahun Penjara, Dosen Cabul Unsri Minta Keringanan;https://sumsel.idntimes.com/news/sumsel/muhammad-rangga-erfizal/dituntut-6-tahun-penjara-dosen-cabul-unsri-minta-keringanan;Dituntut 6 Tahun Penjara, Dosen Cabul Unsri Minta Keringanan;"Palembang, IDN Times - Terdakwa dosen cabul di Universitas Sriwijaya (Unsri) berinisial AR (34) meminta keringanan hukuman kepada Ketua Majelis Hakim Pengadilan Negeri Klas 1A Khusus Sumatra Selatan (Sumsel). AR bersama kuasa hukumnya menyampaikan pledoi keberatan atas tuntutan dari Jaksa Penuntut Umum (JPU) yakni, pidana enam tahun penjara.""Hari ini pledoi telah disampaikan. Kami meminta hakim memberikan hukuman seringan-ringan terhadap klien kami,"" ungkap kuasa hukum terdakwa, Darmawan, usai sidang yang berjalan tertutup, Kamis (31/3/2022).
	
  Learn moreBlue Billywig Video Player
1. Terdakwa dianggap berkelakuan baikIlustrasi (IDN Times/Mardya Shakti) Darmawan menilai, kliennya telah berkelakuan baik selama persidangan. Mereka menilai tuntutan enam tahun penjara dalam Pasal 294 ayat 2 ke 2 KUHP tentang perbuatan cabul terlalu berat.Perbuatan cabul yang dilakukan di laboratorium Fakultas Keguruan Ilmu Pengetahuan (FKIP) Unsri terjadi karena spontanitas belaka. Dirinya mengklaim tak ada paksaan saat peristiwa itu terjadi.""Saksi-saksi yang dihadirkan sebelumnya sebagian besar merupakan mantan anak didik klien kami. Mereka bilang puluhan kali bimbingan di laboratorium, tapi tidak ada satu pun ucapan atau perbuatan terdakwa yang menjurus tindak pidana amoral,"" jelas dia.                                 Baca Juga: Dosen Cabul Unsri Dituntut 6 Tahun, Pengacara Malah Salahkan Korban                           2. Tak ada saksi jadi pembelaan terdakwaIlustrasi pemerkosaan (IDN Times/Mardya Shakti) Darmawan membela kliennya dengan mengatakan tak ada saksi mata yang melihat kejadian cabul tersebut. Namun secara gamblang, terdakwa telah mengakui perbuatannya terhadap korban. Terdakwa juga telah meminta maaf kepada korban mengenai kekhilafannya.""Memang seperti itu fakta di persidangan. Tidak ada satu pun saksi yang melihat kejadian itu,"" ujar dia.                                 Baca Juga: Kuasa Hukum Dosen Unsri Sebut Chat Mesum Bukan Pelecehan Seksual                           3. Kronologis dosen lecehkan mahasiswinyaIlustrasi kekerasan seksual (IDN Times/Mardya Shakti) Sebelumnya saat menjalani pemeriksaan di Polda Sumsel pada 6 Desember 2021 lalu, Darmawan mengakui jika kliennya tersebut melakukan pencabulan. Hal tersebut diketahui setelah terdakwa didesak menceritakan peristiwa yang sebenarnya.Menurut Darmawan, kliennya tidak sampai memerkosa korban. Apalagi memaksa korban melakukan oral seks. Kliennya sempat memeluk, mencium bibir, meraba bagian tubuh, dan masturbasi di depan korban.""Memang khilaf saja, tidak ada oral seks seperti isunya,"" beber Darmawan.                                 Baca Juga: Sidang Kasus Pelecehan di Lab FKIP Unsri; Dosen A Akui Perbuatannya"
1652838863-16;https://www.idntimes.com/tag/kasus-pelecehan-seksual?q=kasus%20pelecehan%20seksual;Kawal Kasasi Kasus Pencabulan UNRI, KemenPPPA Nilai Hakim Gagap Gender;https://www.idntimes.com/news/indonesia/lia-hutasoit-1/kawal-kasasi-kasus-pencabulan-unri-kemenpppa-nilai-hakim-gagap-gender;Kawal Kasasi Kasus Pencabulan UNRI, KemenPPPA Nilai Hakim Gagap Gender;"Jakarta, IDN Times - Kasus pelecehan seksual dengan terdakwa dosen Universitas Riau (UNRI) pada mahasiswanya, turut diawasi Kementerian Pemberdayaan Perempuan dan Perlindungan Anak (KemenPPPA). Pemerintah mengawal penyusunan permohonan kasasi atas putusan bebas Dekan FISIP UNRI nonaktif Syarif Harto sebagai upaya memberikan keadilan dan pemenuhan hak korban LM. Untuk itu, KemenPPPA pun menggelar rapat dengan Komisi Kepolisian Nasional (Kompolnas), Komisi Kejaksaan dan Komisi Yudisial, serta saksi ahli dan pendamping korban.“Ketimpangan di Indonesia masih terjadi, khususnya terkait isu perempuan dan anak. Salah satunya adalah kasus kekerasan seksual yang masih subur di ruang publik termasuk di lingkungan perguruan tinggi yang memprihatinkan. Kekerasan di perguruan tinggi kerap terjadi dan tidak tertangani dengan semestinya,” kata Asisten Deputi Pelayanan Perempuan Korban Kekerasan, Margareth Robin Korwa, dilansir rilis resmi KemenPPPA Senin (18/4/2022).
	
  Learn moreBlue Billywig Video Player
1. Hakim dinilai masih gagap genderCurahan hati mahasiswi saat menggelar aksi demo penolakan undang undang Omnibus Law (IDN Times/ Bambang Suhandoko)Margareth mengatakan, dalam konteks kasus pelecehan seksual di UNRI, hakim mendiskriminasi saksi korban kekerasan seksual. Padahal, sudah sepatutnya saksi korban diberi perlindungan. Bukan hanya itu relasi hubungan antara laki-laki dan perempuan yang tidak setara juga patut dipertimbangkan oleh hakim dalam memutus perkara.Dalam memutuskan perkara hakim dinilai masih “gagap gender.” Hal ini menjadi faktor yang harus diperhatikan dalam menangani kasus kekerasan seksual ke depan.Sedangkan terkait dengan kekurangan alat bukti saksi dalam kasus UNRI. Sudah sepatutnya majelis hakim menggunakan tafsir dari putusan Mahkamah Konstitusi (MK), bahwa saksi tidak harus melihat, mendengar dan mengalami tindak pidana. Sebab, dalam kasus pencabulan dan persetubuhan hampir mustahil ada saksi yang melihat dan mendengar peristiwa pidana kecuali saksi korban.                                 Baca Juga: Banjir Kritik! Dekan FISIP Unri Divonis Bebas dalam Kasus Pelecehan                           2. Banyak hakim belum paham dan kenal prespektif genderIlustrasi hukum (IDN Times/Sukma Shakti)                               Lanjutkan membaca artikel di bawah                          Editor’s picks             Epidemiolog: Hepatitis Akut Tak Berkaitan dengan Vaksin COVID-19Rapat Konsinyering Sepakati Anggaran Pemilu 2024 Capai Rp76 Triliun[LINIMASA-5] Perkembangan Terkini Vaksinasi COVID-19 Indonesia             Dia menyebut, melihat hal ini, perlu ada perjalanan panjang untuk mendorong hakim-hakim memutuskan perkara dengan perspektif yang jernih pada ketidakadilan yang dialami perempuan.“Banyak hakim yang masih kurang memahami atau mengenali perspektif gender, mereka memutus perkara hanya berdasarkan undang-undang, namun tidak menggunakan rasa keadilan sebagai landasan filosofis di dalam memutuskan perkara,” ujar Margareth.Perspektif gender sangat penting, khususnya dalam situasi meningkatkannya pelaporan terhadap kasus kekerasan seksual dan telah disahkannya Undang-Undang Tindak Pidana Kekerasan Seksual (UU TPKS).3. Pelecehan dengan sentuhan dan verbal kadang tidak punya alat buktiilustrasi korban pelecehan seksual (psychologytoday.com)Komisioner Komisi Kejaksaan, Ressi Anna, mengatakan jika pihaknya mendapatkan informasi putusan kasus pelecehan UNRI membebaskan pelaku, karena alat bukti yang dinilai minim. Hal ini memerlukan rasa sensitif dari hakim. Pelecehan dengan sentuhan dan verbal kadang tidak punya alat bukti.“Hebat sekali jaksa dengan bukti yang minim berani menyampaikan tuntutan kepada hakim,” kata dia.Meski putusan telah ditetapkan, Ressi mengatakan proses penyusunan Kasasi harus dikawal sebaik mungkin agar mendapatkan hasil yang terbaik untuk keadilan dan pemenuhan hak perempuan korban kekerasan.
	

4. Saksi ahli sayangkan putusan hakimIlustrasi kekerasan seksual terhadap perempuan (IDN Times/Arief Rahmat)Sedangkan saksi ahli, Ahmad Sofian, menyayangkan tafsir klasik yang digunakan Pengadilan Negeri Riau dalam memberikan putusan. Hal tersebut dikarenakan tafsir klasik terbatas pada ancaman kekerasan fisik saja.“Seharusnya hakim menggunakan tafsir hukum progresif yang lebih melihat perkembangan terbaru doktrin hukum pidana yang memberikan tafsir atas unsur-unsur dalam tindak pidana. Dalam tafsir hukum progresif, tafsir atas unsur tertentu didasarkan oleh perkembangan ilmu pengetahuan dan juga perkembangan teori-teori, sehingga mampu menafsirkan ancaman kekerasan termasuk di dalamnya ancaman kekerasan fisik dan relasi kuasa, ” ujar dia."
1652838884-17;https://www.idntimes.com/tag/kasus-pelecehan-seksual?q=kasus%20pelecehan%20seksual;Pria Paruh Baya di Palembang Cabuli Anak Berkebutuhan;https://sumsel.idntimes.com/news/sumsel/muhammad-rangga-erfizal/pria-paruh-baya-di-palembang-cabuli-anak-berkebutuhan;Pria Paruh Baya di Palembang Cabuli Anak Berkebutuhan;"Palembang, IDN Times - Tersangka kasus pencabulan bernama Arisman (45) akhirnya dibekuk Unit Pidun Polrestabes Palembang di tempat persembunyiannya di Kabupaten Pali. Arisman menjadi pelaku pencabulan terhadap seorang anak berkebutuhan khusus.Tidak hanya mencabuli, tersangka bahkan sempat memukul korban setelah menolak ajakan mesum. Korban sempat diiming-imingi jajanan di warung sebelum aksi pencabulan terakhir, Jumat (29/5/2022).""Yang terakhir saya cabuli di rumahnya. Memang sudah sering sejak 2006 sampai sekarang. Biasa juga saya lakukan di luar rumah,"" ungkap Arisman di Mapolrestabes Palembang, Rabu (11/5/2022).
	
  Learn moreBlue Billywig Video Player
1. Korban mengaku pernah menjadi korban pencabulanTersangka Arisman dibekuk Polrestabes Palembang (Dok:IDN Times)Tersangka melakukan pencabulan kepada korban lantaran merasa tak ada perempuan yang suka kepadanya. Hal ini itu memicu tersangka melakukan pencabulan terhadap korban yang notabene adalah anak teman dekatnya.""Saya tidak pernah nonton film porno, tapi dulu pernah jadi korban (pencabulan) saat kecil. Yang melakukannya saudara saya sendiri,"" kilah tersangka.                                 Baca Juga: Pelaku Pencabulan Anak Tiri di Palembang Iming-Imingi Kuota Internet                            2. Korban mengecat rambut untuk mengelabui petugas Ilustrasi pencabulan. (IDN Times/Sukma Shakti) Kasat Reskrim Polrestabes Palembang, Kompol Tri Wahyudi, menyebutkan tersangka melarikan diri ke Pali. Ia menumpang travel agar sampai ke tempat persembunyiannya.""Tersangka diketahui bersembunyi di rumah saudara di daerah Pali. Anggota Pidum dan Tekab 134 langsung menjemput tersangka di sana dan membawanya langsung ke Mapolrestabes Palembang untuk diproses,"" jelas dia.Demi mengelabui petugas kepolisian, rambut tersangka yang sebelumnya berwarna kuning dicat menjadi hitam. Namun hal tersebut tak membuat polisi kesulitan menangkap tersangka.""Dari pengakuannya memang sudah sering melakukan aksi pencabulan,"" beber dia.                                 Baca Juga: Pelatih Futsal di Palembang Mencabuli 2 Murid Belasan Tahun di Kuburan                           3. Tersangka terancam sembilan tahun penjaraIlustrasi napi di penjara (IDN Times/Mardya Shakti) Atas perbuatannya pelaku dijerat dengan pasal Undang-Undang (UU) nomor 1 tahun 1946 Pasal 289 KUHP dengan ancaman sembilan tahun penjara.""Sejauh ini hanya dengan satu korban, namun tidak menutup kemungkinan ada korban lain,"" beber dia.
	

4. Laporkan jika kamu mengetahui ada tindak kekerasan terhadap anakIDN Times/Sukma Shakti Jika kamu melihat atau mengetahui ada indikasi kekerasan dan eksploitasi yang dialami anak-anak, jangan diam dan laporkan! Berikut salah satu lembaga yang bisa kamu hubungi:1. Komisi Perlindungan Anak Indonesia (KPAI)
Alamat: Jl. Teuku Umar No. 10 Gondangdia Menteng Jakarta Pusat DKI Jakarta, Indonesia
Telepon: (+62) 021-319 015 56
Whatsapp: 0821-3677-2273
Fax: (+62) 021-390 0833
Email: pengaduan@kpai.go.id2. Komnas Perempuan
Email: petugaspengaduan@komnasperempuan.go.id
Facebook: www.facebook.com/stopktpsekarang/
Twitter: @komnasperempuan3. LBH APIK
Whatsapp: 0813-8882-2669 (WA only) mulai pukul 09.00-21.00 WIB
Email: PengaduanLBHAPIK@gmail.com4. Komisi Perlindungan Anak Daerah (KPAD) Sumsel
Alamat: Kantor Dinas Pemberdayaan Perempuan dan Anak Sumsel. Jalan Ade Irma Nasution No.1254, Sungai Pangeran, Kec. Ilir Tim. I, Kota Palembang, Sumatera Selatan 30121
Telpon: 0711-314004
Handphone: +62 812-7831-593                                 Baca Juga: Remaja di Muara Enim Jadi Korban Pencabulan di Pinggir Sungai Enim"
1652838926-19;https://www.idntimes.com/tag/kasus-pelecehan-seksual?q=kasus%20pelecehan%20seksual;Dipekerjakan Perbaiki Rumah, Tukang di Palembang Cabuli Anak Majikan;https://sumsel.idntimes.com/news/sumsel/muhammad-rangga-erfizal/dipekerjakan-perbaiki-rumah-tukang-di-palembang-cabuli-anak-majikan;Dipekerjakan Perbaiki Rumah, Tukang di Palembang Cabuli Anak Majikan;"Palembang, IDN Times - Seorang pelajar Sekolah Menengah Pertama (SMP) berinisial VQ (13) nyaris menjadi korban pencabulan tukang bangunan bernama Robbi (27). Pelaku yang sedang memperbaiki rumah korban, tiba-tiba masuk ke ke dalam kamar dan membekapnya. Namun akhirnya korban dapat melawan dan melarikan diri.""Waktu itu anak saya melawan saat dibekap. Dia gigit tangan pelaku dan berhasil kabur,"" ungkap ibu korban DW (40) saat melapor ke Mapolrestabes Palembang, Jumat (13/5/2022).
	
  Learn moreBlue Billywig Video Player
1. Korban di rumah sendirian saat pelaku berusaha membekapIlustrasi pencabulan. (IDN Times/Sukma Shakti) DW mengaku, dirinya mempekerjakan pelaku untuk memperbaiki beberapa bagian rumah yang rusak. DW tak menyangka jika tersangka nekat akan melakukan pencabulan ketika dirinya sedang keluar rumah.""Dia keluar dari rumah cerita ke saya perbuatan tersangka. Lalu kita langsung menangkap pelaku untuk dibawa ke kantor polisi,"" ujar dia.                                 Baca Juga: Seorang Kakek Berusia 60 Tahun Cabuli Anak Tetangga di Bawah Umur                           2. Tersangka tergiur tubuh korbanIlustrasi pemerkosaan (IDN Times/Mardya Shakti) Robby hanya bisa tertunduk saat dibawa ke Mapolrestabes Palembang. Menurut tersangka, dirinya terdorong nafsu. Ia tergiur tubuh korban dan mendapat kesempatan saat korban hanya sendirian di rumah.""Saya khilaf karena melihat korban sendirian dalam rumah. Saat itu saya baru pertama kali bekerja, tapi melihat korban sendirian timbul niat jahat,"" ujar dia.                                 Baca Juga: Pria Paruh Baya di Palembang Cabuli Anak Berkebutuhan                            3. Tersangka pasrah saat korban berhasil kaburIlustrasi pencabulan. (IDN Times) Robby mengakui dirinya memaksa korban untuk mengikuti kemauannya. Namun belum aksi itu terjadi, korban berhasil kabur. Tersangka yang melihat korban melarikan diri akhirnya pasrah saat ditangkap keluarga korban.""Saat itu korban menggigit saya, korban berhasil kabur,"" tutup dia.
	

4. Laporkan jika kamu mengetahui di sekitarmu ada kasus kekerasan anakIlustrasi kekerasan anak (IDN Times/Sukma Shakti) Jika kamu melihat atau mengetahui ada indikasi kekerasan yang dialami anak-anak, jangan diam dan laporkan. Berikut salah satu lembaga yang bisa kamu hubungi:1. Komisi Perlindungan Anak Indonesia (KPAI)Alamat: Jalan Teuku Umar No. 10 Gondangdia Menteng Jakarta Pusat DKI Jakarta, Indonesia
Telepon: (+62) 021-319 015 56
Whatsapp: 0821-3677-2273
Fax: (+62) 021-390 0833
Email: pengaduan@kpai.go.id2. Komisi Perlindungan Anak Daerah (KPAD) SumselAlamat: Kantor Dinas Pemberdayaan Perempuan dan Anak Sumsel. Jalan Ade Irma Nasution No.1254, Sungai Pangeran, Kec. Ilir Tim. I, Kota Palembang, Sumatera Selatan 30121
Telpon: 0711-314004
Handphone: +62 812-7831-593                                 Baca Juga: Pelaku Pencabulan Anak Tiri di Palembang Iming-Imingi Kuota Internet"
1652838751-11;https://www.idntimes.com/tag/kasus-pelecehan-seksual?q=kasus%20pelecehan%20seksual;Kuasa Hukum Dosen Cabul Unsri: Seujung Kuku Korban Tak Dirugikan;https://sumsel.idntimes.com/news/sumsel/muhammad-rangga-erfizal/kuasa-hukum-dosen-cabul-unsri-seujung-kuku-korban-tak-dirugikan;Kuasa Hukum Dosen Cabul Unsri: Seujung Kuku Korban Tak Dirugikan;"Palembang, IDN Times - Kuasa hukum RG (36) dosen Universitas Sriwijaya (Unsri) yang menjadi terdakwa kasus chat mesum, Gandhi Arius, berang dengan pernyataan saksi ahli dalam persidangan kliennya. Menurut Gandhi, apa yang diungkapkan oleh saksi ahli tak sesuai dengan Berita Acara Pemeriksaan (BAP).""Saksi ahli yang dihadirkan tak lagi objektif dalam menilai kasus ini. Beberapa keterangan ada yang berubah,"" ungkap Gandhi usai sidang yang berjalan tertutup di Pengadilan Negeri Palembang Klas 1A Khusus Sumatra Selatan (Sumsel), Kamis (24/3/2022).
	
  Learn moreBlue Billywig Video Player
1. Saksi ahli disebut memberi keterangan berbedaTerduga pelaku pelecehan seksual mahasiswi UNSRI RG bersama kuasa hukumnya Ghandi Arius (IDN Times/istimewa)Gandhi menjelaskan, saksi ahli dalam BAP sepakat tentang definisi pornografi meliputi adanya peragaan fisik dari korban. Namun dalam sidang hari ini, saksi ahli bahasa, ahli antropologi, dan ahli hukum pidana memiliki kesaksian berbeda.""Dia (saksi) menyebut namanya pornografi ada model dan dia memperagakan. Sedangkan dalam BAP disebut pornografi harus diperagakan. Itu saya sedikit emosi dan berdebat, kasus klien kami tidak diperagakan bahkan tidak ada rekaman,"" jelas dia.                                 Baca Juga: Kuasa Hukum Dosen Unsri Sebut Chat Mesum Bukan Pelecehan Seksual                           2. Anggap chat mesum bukan pornografiIlustrasi pornografi. (IDN Times/Sukma Shakti) Dirinya pun menyebutkan, chat mesum bukan masuk ranah pornografi sehingga kliennya tak bisa dijerat dengan pasal tersebut. Selain itu juga, kelima mahasiswi itu bukan korban karena tak sedikit pun mengalami kerugian.""Hanya perbuatan verbal, seujung kuku pun korban tidak ada dirugikan,"" ungkap dia.                                 Baca Juga: Dosen R Akhirnya Akui Kirim Pesan Mesum ke 3 Mahasiswi Unsri                           3. JPU yakin terdakwa bersalahIlustrasi hukum (IDN Times/Arief Rahmat) Sementara bagi Jaksa Penuntut Umum (JPU) Kejati Sumsel, Fatimah, pihaknya optimis jika terdakwa dapat dijerat dengan Pasal 9 juncto Pasal 35 nomor 44 tahun 2008 dan juncto Pasal 65 KUHP tentang pornografi.""Kami tidak boleh berbicara banyak, yang jelas kami yakin 1.000 persen perbuatan ini ada (unsur pornografi),"" tutup dia.                                  Baca Juga: Kawal Kasus Pencabulan, Mahasiswa Unsri Datangi PN Palembang"
1652838947-20;https://www.idntimes.com/tag/kasus-pelecehan-seksual?q=kasus%20pelecehan%20seksual;Pria di Muba Perkosa Anak Kandung Hingga Melahirkan;https://sumsel.idntimes.com/news/sumsel/yuliani-10/pria-di-muba-perkosa-anak-kandung-hingga-melahirkan;Pria di Muba Perkosa Anak Kandung Hingga Melahirkan;"Musi Banyuasin, IDN Times - Dua orang tersangka rudapaksa perempuan penyandang disabilitas dan satu predator anak diamankan jajaran Unit PPA Sat Reskrim Polres Musi Banyuasin (Muba) dengan tiga kasus berbeda.Dua tersangka pemerkosaan berinisial Burhan (70) warga Kecamatan Plakat Tinggi bersama Hasan (54) warga Kecamatan Sanga Desa. Sedangkan Agusnadi (59) tersangka pencabulan anak di bawah umur merupakan warga Kecamatan Bayung Lencir.
	
  Learn moreBlue Billywig Video Player
1. Ketiga tersangka ditangkap dengan kasus yang bedaMetroKabag Ops Polres Muba, Kompol Rivow Lampu mengatakan, dua tersangka pemerkosa wanita penyandang disabilitas dan seorang tersangka pencabulan berhasil ditangkap di lokasi yang berbeda.""Untuk kasus pemerkosaan dilakukan tersangka Burhan terhadap anak kandungnya sendiri berinisial AA. Kasus pemerkosaan itu terjadi pada Maret 2021. Atas perbuatan tersangka, korban pun hamil dan melahirkan seorang anak laki-laki pada 21 April 2022,"" ujarnya, Selasa (17/05/2022).Burhan ditangkap pada Selasa (10/05/2022) sekitar pukul 17:30 WIB di kediamannya. Ia akan dijerat pasal 285 KUHPidana dengan ancaman 12 tahun penjara.Sedangkan tersangka Hasan telah memerkosa korban berinisial KK pada Juli 2021 di. Korban kini hamil dan melahirkan seorang anak perempuan pada 15 Maret 2022.""Tersangka Hasan ditangkap pada Selasa (10/5/2022) sekitar pukul 15:00 WIB di kediamannya. Tersangka akan kita jerat pasal 285 KUHPidana dengan ancaman 12 tahun penjara,"" tegas Rivow.                                 Baca Juga: Dipekerjakan Perbaiki Rumah, Tukang di Palembang Cabuli Anak Majikan                           2. Kedua tersangka ditangkap setelah tes DNA bayi korbanIlustrasi pemerkosaan (IDN Times/Mardya Shakti) Pengungkapan kasus pemerkosaan dilakukan dengan pengambilan sampel DNA masing-masing dari anak korban. Setelah dicocokkan dengan para pelaku, kepolisian langsung mengambil tindakan tegas.""Sementara untuk kasus pencabulan yang dilakukan Agusnadi terjadi pada Jumat (29/04/2022) sekitar pukul 10.00 WIB di dalam rumah tersangka. Saat itu tersangka membujuk korban berinisial CC untuk bermain di rumahnya dan menawarkan uang Rp2.000,"" ungkapnya. Kemudian tersangka menggendong korban ke ruang tamu dan dibaringkan di kursi. Pada Rabu (11/05/2022) sekitar pukul 17.30 WIB, tersangka berhasil ditangkap di kediamannya.""Terhadap tersangka akan kita jerat pasal 82 ayat 1 jo pasal 76 E UU nomor 35 tahun 2014 tentang Perubahan Atas UU nomor 23 tahun 2002 tentang Perlindungan Anak dengan ancaman paling singkat 5 tahun dan paling lama 15 tahun,"" terang Rivow.                                 Baca Juga: Seorang Kakek Berusia 60 Tahun Cabuli Anak Tetangga di Bawah Umur                           3. Polres Muba imbau tingkatan iman dan jauhi konten pornogoogleMaraknya aksi kekerasan seksual terhadap anak dan perempuan mendorong Polres Muba mengimbau kepada para orangtua dan keluarga untuk menjaga anak-anaknya. Mereka juga diminta agar lebih taat lagi menjalankan ibadah untuk menguatkan iman.""Jangan lagi sering menonton film porno agar kejadian yang seperti ini tidak terulang kembali,"" imbau Rivow.                                 Baca Juga: Pelaku Pencabulan Anak Tiri di Palembang Iming-Imingi Kuota Internet"
