content;tag
"""Detektif yang berhasil menangkap pelaku dengan hipotesanya tapi membiarkan si pelaku bunuh
diri sama saja dengan pembunuh"" -Conan Edogawa,1";hubungan
"@_taaa99 @BelanjaKuy4 Semoga cepetan ketemu jalan keluar yg seadil-adilnya buat semua pihak &amp; si pelaku dapet hukuman yg setimpal, jujurly gue buka twt buka ig beritanya ini semua gaenak bgt di gue kayak deg2an mulu :'),1";hubungan
"@andrewbendico @erickthohir Hina Rina nose 

https://t.co/0r5kIJfQub

Jin kafir di salib 

https://t.co/YZ5uYZgoeg

Khilafah 

https://t.co/otPAaxhgAz 

Pelaku bom bunuh diri syahid 

https://t.co/DRsLD7jB5U 

Kalian itu buta?? Pura2 buta?? Atau manja?? Cari sendiri kan bisa .. kok apa2 minta disuguhkan ...,1";hubungan
@dengannyaa Pokok intine garem pelaku bullying, tp gak gelem mengakui, malah agensi ne makin menutup¬≤i dn ngewei statement gk jelas. Tambah akeh fakta¬≤ sing muncul.. Hahhh somu bodoh ancen,1;hubungan
@Ghea_J_Lie @emerson_yuntho Rata2 pembenci ulama adalah pelaku maksiat, kalo bukan pelaku ya pendukung üòå,1;hubungan
@hadycrbn @VIVAcoid @psi_id Mereka gk berani karna ini pelaku korupsi adalah imigran cina,1;hubungan
@idextratime Pelaku dan korbannya sekarang sudah satu klub,1;hubungan
"@jvdas_iskariot Nah aku pelaku UMKM yg menjual hasil produksi daging olahan 
Dimasak dan dikemas bisa dikirim kemana saja . pengiriman paling jauh ke Hongkong dan Macau 
Rendang AMAINY0 
Dgn ijin edar resmi serta ber NIB https://t.co/LIbMWglcCO,1";hubungan
@lussydw_ @philiiya @YooKarineI @DaichiVira @nada_yall keputusan akhirpun akan mencurigakan kalo misal pihak yang minim bukti dan kuat dugaan sebagai pelaku malah menang. alasan knp agensi ga beberin bukti karena mau langsung ke pengadilan ini malah sus, karena hukum sekarang juga gampang sibeli.,1;hubungan
@MindSpeakLouder @dewaznl Kalo ada thread pelecehan, ya sekedar dukung tertuduh korban aja, knp harus ngehujat, ngecancel tersangka pelaku pdhl blm terbukti????? Bukankah itu hal yang goblokkkkk, ngehujat seseorang pdhl blm tentu org itu ngelakuin,1;hubungan
@MNW_MNW_MNW Pelaku islamphobia lagi mengumbar kebodohannya padahal botak ya,,,tapi ternyata kosong isi botaknya,1;hubungan
@PARTOWIJOYO69 @papa_loren Para pelaku lgbt sdh masuk di wakanda ya bedarti siap2 aja jaga jarak sm si penyuka dubur,.,1;hubungan
@safirawwww Gila ya beberapa komen ga ada empatinya malah fokus ke atribut pelaku. Fokus tuh ke perilaku melecehkan dan ambil pelajaran 'ohhh bahkan yg bajunya tampak agamis bisa ya melakukan itu'. Ini kenyataan bahwa yg terlihat religius, bisa jadi berkelakuan setan juga,1;hubungan
@sexcsanzu awkwk, asli cuy. when you fall to deep for someone, your mind will always full of them. mau coba move juga ujungnya balik ke mereka walau udah disakitin, it's like doing a crime, tapi peran lu tuh pelaku dan korban disaat yang bersamaan,1;hubungan
@twitkocheng Pelaku https://t.co/Fvtpg83Mjy,1;hubungan
@vierda Saya Islam, saya benci pelaku IslamoFobia,1;hubungan
@Widino @tubirfess kasus lainnya mirip kaya pembullyan, kebanyakan korban ga melakukan hal yg merugikan ke si pelaku tapi pelaku malah membully korban. rada aneh emang,1;hubungan
"1. Penasaran dia (kim garam) ini siapa sampe petinggi hybe turun tangan minta teman""nya tutup mulut. 
2. Udah kebukti bukannya di out, malah di hiatuskan. Sinting. 
3. Takut idol"" Dibawah naungan hybe terdampak, karna label bakal dicap sebagai label yg menutupi pelaku bullying. https://t.co/sAlBO8xbNH,1";hubungan
Baca2 soal kasusnya garam gue keinget drakor tomorrow episode 2, dimana pelaku bullying terkenal, jd pembuat komik tentang bullying, speak up sana sini tentang bullying, sementara korban sepanjang hidupnya ga tenang dan selalu pengen bundir setiap harinya ngeliat‚Äî https://t.co/ufqahOg8nr,1;hubungan
Bagaimana caranya kalian menciptakan ruang aman kalau mempekerjakan orang yang diindikasi sebagai pelaku kekerasan seksual, seksis dan merendahkan perempuan? https://t.co/H6Fc5NDYQ3,1;hubungan
"BANTU VIRALKAN MUKA 
PELAKU PENIPUAN SEXSUAL ONLINE !!!
WA  : +62 896-8804-5220
TOLONG DISHARE DAN VIRALKAN NOMOR INI TEMAN TEMAN!!!
#VIRAL #METROTV #TVONE #SEXONLINE 
#VIRALMESUM #PELECEHANSEXSUAL https://t.co/UQVE341PQP,1";hubungan
Begal bertato di lengan kanan ditembak mati polisi. Pelaku sempat melawan petugas saat hendak ditangkap. #Begal https://t.co/QofHGwpnlO,1;hubungan
"Data di mayoritas KUA (jawa tengah terakhir ngecek) terkait pelaku pernikahan dini lebih dr separonya akibat MBA alias tekdung dluan

Tanya kenapa https://t.co/KTKywPjpkw,1";hubungan
"Data di mayoritas KUA (jawa tengah terakhir ngecek) terkait pelaku pernikahan dini lebih dr separonya akibat MBA alias tekdung dluan

Tanya kenapa https://t.co/KTKywPjpkw,1";hubungan
Di tengah malam, Emily makan sate kuda dan minum es teh panas sambil nyari pelaku pencurian pudding Akane,1;hubungan
https://t.co/xC1sn1Cclo,1;hubungan
"JIKA berKENAN:Silahkan diBACA baik2:Yg Sya LINGKARI MERAH(Aline ke-1)

@KomnasHAM 
@muhammadiyah 

Alinea ke-2 itu(PELAKU'y) yg diLAKUKAN Oleh:JONGOS'y NURHADI(PENDATANK Asal SURABAYA Di Internal Lingkgn desa+PENGANGGURAN Minimal 3 Tahun&lt;SIFAT'y:MeMUAKkan&amp;TURAH LAMBE/LAMBE TURAH) https://t.co/H6HTSF119g,1";hubungan
"Jumat (20/5/22), Ihlas, Luhkan Kab. Luwu, di Desa Temboe, Penyuluhan Kelembagaan dan Revitalisasi Klp Pelaku Utama Perikanan
#GiatLuhkanSatminkalMaros #Luwu 
@BRPBAP3_Maros https://t.co/0cRQDsIx0r,1";hubungan
"KAKANWIL A YUSPAHRUDDIN KEMENKUMHAM JATENG: Kesadaran Pelaku Usaha Legalkan UMK Masih Kecil
https://t.co/FNo7SrwIqP,1";hubungan
Kemarin nonton dan yaa emang gila sih. Para pelaku juga masih anak sma. Beneran masih mudaa dengan tampang watados nya https://t.co/oGrvbCQavz,1;hubungan
Kementrian pendidikan udah konfirmasi kalau Kim Garam pelaku pembulian. Wow. Wow. https://t.co/4rLZusOUFa https://t.co/PLmlmoFIyo,1;hubungan
Kim Garam habislah sudah „Öã„Öã. Aku yang cuma fans dari 7 bujang tampan Hybe aja ngerasa kecewa bgt sama sikapnya Hybe, kebayang ga si gimana perasaan pegawainya„Ö† plis ya buat fansnya kim garam jangan tutup mata sama telinga deh u masi doang ngedukung pelaku. https://t.co/GLO6OzPoPe,1;hubungan
Laknat bagi pelaku riba https://t.co/8VPnkunOMW,1;hubungan
"Njir..... Bisa-bisanya lu bawa-bawa Sulli gw ,beda kasus njiiir.....
Sulli gw tu korban bukan pelaku ,jelas gak sama....
Demi apapun gw gak ikhlas Sulli gw di banding2in sama garam https://t.co/ea5LgWEjsL,1";hubungan
"Padahl Mereka tau seperti si (Eko khuntadi) jdi korban plus pelaku dri permainan para politikus dan oligark hanya untuk mndapat uang dgn cara melontarkan isu2 buruk terhadapa ulama.
Terlihat betapa kusut dan buramya wajah2 mereka para penista ulama. https://t.co/p5K1NBiX1d,1";hubungan
Pelaku dosa dalam keadaan diam sebenarnya masih ada takwa dalam dirinya. Dia masih malu untuk menzahirkan maksiatnya di khalayak ramai. Maka dosa dari jenis manusia sebegini, tidaklah boleh disebarkan. Selemah-lemah cara adalah dengan mendoakannya kembali ke pangkalan jalan.,1;hubungan
Pelaku LGBT mulai kena azab https://t.co/EFSPEWRkxU,1;hubungan
Tangkap pelaku https://t.co/bOzCNhhtH7,1;hubungan
Ternyata sdh separah ini polusi udara yg terjadi.. astaga ü§¶‚Äç‚ôÇÔ∏è bener2 biadab pelaku polusi udara.. https://t.co/8668VPorsZ,1;hubungan
Tiba2 mikir, sebenernya aku korban/pelaku ketika aku ninggalin org yg lebih milih kontakan sama org lain daripada aku lebih parahnya dia niat singgah?,1;hubungan
"Twit ini menjelaskan kenapa dari awal dia kasih deskripsi sedetail itu soal ciri2 pelaku (cingkrang, jenggotan, dll).
Jd tujuannya bukan buat edukasi ya.
Tp mau menyadarkan umat Muslim.
Krn mnrt dia ada satu Umat Muslim melakukan kesalahan, semua harus tanggung jawab. https://t.co/VsEtd5OJLL,1";hubungan
