,content,tag
0,Detektif yang berhasil menangkap pelaku dengan hipotesanya tapi membiarkan si pelaku bunuh diri sama saja dengan pembunuh Conan Edogawa 1,hubungan
1,taaa99 Semoga cepetan ketemu jalan keluar yg seadil adilnya buat semua pihak amp si pelaku dapet hukuman yg setimpal jujurly gue buka twt buka ig beritanya ini semua gaenak bgt di gue kayak deg2an mulu 1,hubungan
2,Hina Rina nose Jin kafir di salib Khilafah Pelaku bom bunuh diri syahid Kalian itu buta Pura2 buta Atau manja Cari sendiri kan bisa kok apa2 minta disuguhkan 1,hubungan
3,Pokok intine garem pelaku bullying tp gak gelem mengakui malah agensi ne makin menutup i dn ngewei statement gk jelas Tambah akeh fakta sing muncul Hahhh somu bodoh ancen 1,hubungan
4,Rata2 pembenci ulama adalah pelaku maksiat kalo bukan pelaku ya pendukung 1,hubungan
5,Mereka gk berani karna ini pelaku korupsi adalah imigran cina 1,hubungan
6,Pelaku dan korbannya sekarang sudah satu klub 1,hubungan
7,Nah aku pelaku UMKM yg menjual hasil produksi daging olahan Dimasak dan dikemas bisa dikirim kemana saja pengiriman paling jauh ke Hongkong dan Macau Rendang AMAINY0 Dgn ijin edar resmi serta ber NIB,hubungan
8,keputusan akhirpun akan mencurigakan kalo misal pihak yang minim bukti dan kuat dugaan sebagai pelaku malah menang alasan knp agensi ga beberin bukti karena mau langsung ke pengadilan ini malah sus karena hukum sekarang juga gampang sibeli 1,hubungan
9,Kalo ada thread pelecehan ya sekedar dukung tertuduh korban aja knp harus ngehujat ngecancel tersangka pelaku pdhl blm terbukti Bukankah itu hal yang goblokkkkk ngehujat seseorang pdhl blm tentu org itu ngelakuin 1,hubungan
10,Pelaku islamphobia lagi mengumbar kebodohannya padahal botak ya tapi ternyata kosong isi botaknya 1,hubungan
11,Para pelaku lgbt sdh masuk di wakanda ya bedarti siap2 aja jaga jarak sm si penyuka dubur 1,hubungan
12,Gila ya beberapa komen ga ada empatinya malah fokus ke atribut pelaku Fokus tuh ke perilaku melecehkan dan ambil pelajaran ohhh bahkan yg bajunya tampak agamis bisa ya melakukan itu Ini kenyataan bahwa yg terlihat religius bisa jadi berkelakuan setan juga 1,hubungan
13,awkwk asli cuy when you fall to deep for someone your mind will always full of them mau coba move juga ujungnya balik ke mereka walau udah disakitin it s like doing a crime tapi peran lu tuh pelaku dan korban disaat yang bersamaan 1,hubungan
14,Pelaku,hubungan
15,Saya Islam saya benci pelaku IslamoFobia 1,hubungan
16,kasus lainnya mirip kaya pembullyan kebanyakan korban ga melakukan hal yg merugikan ke si pelaku tapi pelaku malah membully korban rada aneh emang 1,hubungan
17,1 Penasaran dia kim garam ini siapa sampe petinggi hybe turun tangan minta teman nya tutup mulut 2 Udah kebukti bukannya di out malah di hiatuskan Sinting 3 Takut idol Dibawah naungan hybe terdampak karna label bakal dicap sebagai label yg menutupi pelaku bullying,hubungan
18,Baca2 soal kasusnya garam gue keinget drakor tomorrow episode 2 dimana pelaku bullying terkenal jd pembuat komik tentang bullying speak up sana sini tentang bullying sementara korban sepanjang hidupnya ga tenang dan selalu pengen bundir setiap harinya ngeliat,hubungan
19,Bagaimana caranya kalian menciptakan ruang aman kalau mempekerjakan orang yang diindikasi sebagai pelaku kekerasan seksual seksis dan merendahkan perempuan,hubungan
20,BANTU VIRALKAN MUKA PELAKU PENIPUAN SEXSUAL ONLINE WA 62 896 8804 5220 TOLONG DISHARE DAN VIRALKAN NOMOR INI TEMAN TEMAN VIRAL METROTV TVONE SEXONLINE VIRALMESUM PELECEHANSEXSUAL,hubungan
21,Begal bertato di lengan kanan ditembak mati polisi Pelaku sempat melawan petugas saat hendak ditangkap Begal,hubungan
22,Data di mayoritas KUA jawa tengah terakhir ngecek terkait pelaku pernikahan dini lebih dr separonya akibat MBA alias tekdung dluan Tanya kenapa,hubungan
23,Data di mayoritas KUA jawa tengah terakhir ngecek terkait pelaku pernikahan dini lebih dr separonya akibat MBA alias tekdung dluan Tanya kenapa,hubungan
24,Di tengah malam Emily makan sate kuda dan minum es teh panas sambil nyari pelaku pencurian pudding Akane 1,hubungan
25,,hubungan
26,JIKA berKENAN Silahkan diBACA baik2 Yg Sya LINGKARI MERAH Aline ke 1 Alinea ke 2 itu PELAKU y yg diLAKUKAN Oleh JONGOS y NURHADI PENDATANK Asal SURABAYA Di Internal Lingkgn desa PENGANGGURAN Minimal 3 Tahun lt SIFAT y MeMUAKkan amp TURAH LAMBE LAMBE TURAH,hubungan
27,Jumat 20 5 22 Ihlas Luhkan Kab Luwu di Desa Temboe Penyuluhan Kelembagaan dan Revitalisasi Klp Pelaku Utama Perikanan GiatLuhkanSatminkalMaros Luwu,hubungan
28,KAKANWIL A YUSPAHRUDDIN KEMENKUMHAM JATENG Kesadaran Pelaku Usaha Legalkan UMK Masih Kecil,hubungan
29,Kemarin nonton dan yaa emang gila sih Para pelaku juga masih anak sma Beneran masih mudaa dengan tampang watados nya,hubungan
30,Kementrian pendidikan udah konfirmasi kalau Kim Garam pelaku pembulian Wow Wow,hubungan
31,Kim Garam habislah sudah Aku yang cuma fans dari 7 bujang tampan Hybe aja ngerasa kecewa bgt sama sikapnya Hybe kebayang ga si gimana perasaan pegawainya plis ya buat fansnya kim garam jangan tutup mata sama telinga deh u masi doang ngedukung pelaku,hubungan
32,Laknat bagi pelaku riba,hubungan
33,Njir Bisa bisanya lu bawa bawa Sulli gw beda kasus njiiir Sulli gw tu korban bukan pelaku jelas gak sama Demi apapun gw gak ikhlas Sulli gw di banding2in sama garam,hubungan
34,Padahl Mereka tau seperti si Eko khuntadi jdi korban plus pelaku dri permainan para politikus dan oligark hanya untuk mndapat uang dgn cara melontarkan isu2 buruk terhadapa ulama Terlihat betapa kusut dan buramya wajah2 mereka para penista ulama,hubungan
35,Pelaku dosa dalam keadaan diam sebenarnya masih ada takwa dalam dirinya Dia masih malu untuk menzahirkan maksiatnya di khalayak ramai Maka dosa dari jenis manusia sebegini tidaklah boleh disebarkan Selemah lemah cara adalah dengan mendoakannya kembali ke pangkalan jalan 1,hubungan
36,Pelaku LGBT mulai kena azab,hubungan
37,Tangkap pelaku,hubungan
38,Ternyata sdh separah ini polusi udara yg terjadi astaga bener2 biadab pelaku polusi udara,hubungan
39,Tiba2 mikir sebenernya aku korban pelaku ketika aku ninggalin org yg lebih milih kontakan sama org lain daripada aku lebih parahnya dia niat singgah 1,hubungan
40,Twit ini menjelaskan kenapa dari awal dia kasih deskripsi sedetail itu soal ciri2 pelaku cingkrang jenggotan dll Jd tujuannya bukan buat edukasi ya Tp mau menyadarkan umat Muslim Krn mnrt dia ada satu Umat Muslim melakukan kesalahan semua harus tanggung jawab,hubungan
